Model,Anchor Date,Use Case,Filtered FPs,Accuracy,AUC,Precision,Recall,Capture Rate (Recall @K =10%),Baseline Conversion Rate,Precision at K
logistic,2025-11-01,food,"Maadi FP #1, Maadi FP #2, Maadi FP #3, Maadi FP #4",0.6715583508036338,0.733141112966902,0.0422300811316829,0.6789297658862876,0.2876254180602006,0.0208944793850454,0.0600978336827393
logistic,2026-01-01,food,"Maadi FP #1, Maadi FP #2, Maadi FP #3, Maadi FP #4",0.7133621171785867,0.5909669101705217,0.0652701391135554,0.3911778962675715,0.1648085312651478,0.0461510928167155,0.076062639821029
logistic,2026-01-01,food,"Maadi FP #1, Maadi FP #2, Maadi FP #3, Maadi FP #4",0.6018939676385057,0.6525525986734084,0.06910937783421,0.6479591836734694,0.2091836734693877,0.0438446051748564,0.0917225950782997
logistic,2026-01-01,food,"Maadi FP #1, Maadi FP #2, Maadi FP #3, Maadi FP #4",0.6706038579815488,0.7279378066512893,0.0598290598290598,0.6624857468643102,0.2930444697833523,0.0306471903830025,0.0898287312128626
logistic,2026-01-01,food,"Maadi FP #1, Maadi FP #2, Maadi FP #3, Maadi FP #4",0.6706038579815488,0.7279378066512893,0.0598290598290598,0.6624857468643102,0.2930444697833523,0.0306471903830025,0.0898287312128626
logistic,2025-12-01,food,"Maadi FP #1, Maadi FP #2, Maadi FP #3, Maadi FP #4",0.6714076041375454,0.7171886171836289,0.0624935440553661,0.6491416309012875,0.2843347639484979,0.0325691920603858,0.0926249563089828
logistic,2026-01-01,food,"Maadi FP #1, Maadi FP #2, Maadi FP #3, Maadi FP #4",0.696449743853605,0.627200556184399,0.071311475409836,0.4638875424139602,0.1754726126999515,0.0461510928167155,0.0809843400447427
logistic,2026-01-15,food,"Maadi FP #1, Maadi FP #2, Maadi FP #3, Maadi FP #4",0.7103592621555729,0.6338061700914895,0.0551149563406232,0.4629878869448183,0.1823687752355316,0.0341782050692304,0.0623418449505406
logistic,2026-02-01,food,"Maadi FP #1, Maadi FP #2, Maadi FP #3, Maadi FP #4",0.7239621787696192,0.6209282599280751,0.0562713647120694,0.4382252559726962,0.1931740614334471,0.034891752209017,0.0674130538351596
xgboost,2025-12-01,food,"Maadi FP #1, Maadi FP #2, Maadi FP #3, Maadi FP #4",0.9070799552697792,0.7290172566791496,0.105166895290352,0.2467811158798283,0.2993562231759656,0.0325691920603858,0.0975183502271933
xgboost,2026-01-01,food,"Maadi FP #1, Maadi FP #2, Maadi FP #3, Maadi FP #4",0.917796299208471,0.802802053131541,0.1646631255241822,0.3871179756818929,0.4492277357870523,0.0319022907165696,0.1433214510379534
xgboost,2026-01-15,food,"Maadi FP #1, Maadi FP #2, Maadi FP #3, Maadi FP #4",0.917796299208471,0.802802053131541,0.1646631255241822,0.3871179756818929,0.4492277357870523,0.0319022907165696,0.1433214510379534
xgboost,2026-02-01,food,"Maadi FP #1, Maadi FP #2, Maadi FP #3, Maadi FP #4",0.917796299208471,0.802802053131541,0.1646631255241822,0.3871179756818929,0.4492277357870523,0.0319022907165696,0.1433214510379534
xgboost,2026-02-01,food,"Maadi FP #1, Maadi FP #2, Maadi FP #3, Maadi FP #4",0.9167123157167696,0.6149047759502991,0.0846279640228945,0.141296928327645,0.2143344709897611,0.034891752209017,0.0747975226298237
logistic,2026-01-15,food,"Maadi FP #1, Maadi FP #2, Maadi FP #3, Maadi FP #4",0.7103592621555729,0.6338061700914895,0.0551149563406232,0.4629878869448183,0.1823687752355316,0.0341782050692304,0.0623418449505406
xgboost,2026-01-15,food,"Maadi FP #1, Maadi FP #2, Maadi FP #3, Maadi FP #4",0.9135194811168867,0.639161873619714,0.0862445414847161,0.1594885598923284,0.2207267833109017,0.0341782050692304,0.0754543363239015
xgboost,2025-12-01,food,"Maadi FP #1, Maadi FP #2, Maadi FP #3, Maadi FP #4",0.8643226618202153,0.7230498228604106,0.1094640820980615,0.3362521891418564,0.297723292469352,0.0399133230812246,0.1188811188811188
xgboost,2026-01-15,food,"Maadi FP #1, Maadi FP #2, Maadi FP #3, Maadi FP #4",0.8847463084778509,0.6402066714239231,0.0792551921699689,0.2234185733512786,0.2328398384925975,0.0341782050692304,0.0795951230733839
logistic,2026-01-15,beauty,All,0.7528740594547921,0.754339341508207,0.0225230799693092,0.6123822341857336,0.3647375504710632,0.0091649192056247,0.0334279018132478
logistic,2025-12-01,beauty,All,0.7565736398517693,0.7479219457737091,0.0218831828140864,0.6176470588235294,0.3793363499245852,0.0086970780179057,0.0329922602649875
logistic,2025-12-01,shops,All,0.8541168302116049,0.8051337057133945,0.0019320081738807,0.6265060240963856,0.5180722891566265,0.0004502232130749,0.0023325196636832
logistic,2025-12-01,shops,All,0.8396283217522904,0.7940754824802003,0.0017239048134126,0.6144578313253012,0.4819277108433735,0.0004502232130749,0.0021697857336588
logistic,2025-12-01,shops,All,0.8396283217522904,0.7940754824802003,0.0017239048134126,0.6144578313253012,0.4819277108433735,0.0004502232130749,0.0021697857336588
logistic,2026-01-01,shops,All,0.8244617248129817,0.82833350997168,0.0016020818212395,0.6557971014492754,0.5434782608695652,0.0004291585227617,0.0023324159164062
logistic,2026-01-01,beauty,All,0.7160702786183629,0.7372667578631878,0.0149510716375046,0.6353107344632768,0.3468926553672316,0.006724681289999,0.0233278243194468
logistic,2026-01-01,beauty,All,0.7160702786183629,0.7372667578631878,0.0149510716375046,0.6353107344632768,0.3468926553672316,0.006724681289999,0.0233278243194468
logistic,2026-01-01,beauty,All,0.738719400225422,0.7575757966444208,0.0167207987489474,0.6387867647058824,0.3841911764705882,0.0068893025847548,0.0264690982776089
logistic,2026-02-01,beauty,All,0.7447380639877742,0.7523949903276774,0.0210775993693764,0.6232675346493071,0.3586728265434691,0.0087049988849119,0.0312225797016671
logistic,2026-02-28,beauty,All,0.8530065860337501,0.910229197980685,0.003635306092773,0.819672131147541,0.7185792349726776,0.0006537804048079,0.0046979386231288
logistic,2026-02-28,beauty,All,0.8530065860337501,0.910229197980685,0.003635306092773,0.819672131147541,0.7185792349726776,0.0006537804048079,0.0046979386231288
logistic,2026-02-01,beauty,All,0.7425371542778452,0.7571035607725943,0.020577193805725,0.6322999279019467,0.3821196827685652,0.0084514937878169,0.0322954116141612
logistic,2026-02-28,beauty,All,0.7534622674033307,0.8880668456953104,0.0022923672126405,0.8661202185792349,0.6420765027322405,0.0006537804048079,0.0041977778571683
logistic,2026-02-15,food,"Maadi FP #1, Maadi FP #2, Maadi FP #3, Maadi FP #4",0.5913522679101314,0.6282150049381764,0.0424304141208418,0.6377551020408163,0.1581632653061224,0.0276953511374876,0.0438472418670438
logistic,2026-02-15,food,"Maadi FP #1, Maadi FP #2, Maadi FP #3, Maadi FP #4",0.5913522679101314,0.6282150049381764,0.0424304141208418,0.6377551020408163,0.1581632653061224,0.0276953511374876,0.0438472418670438
logistic,2026-02-15,food,"Maadi FP #1, Maadi FP #2, Maadi FP #3, Maadi FP #4",0.5913522679101314,0.6282150049381764,0.0424304141208418,0.6377551020408163,0.1581632653061224,0.0276953511374876,0.0438472418670438
logistic,2026-02-15,food,"Maadi FP #1, Maadi FP #2, Maadi FP #3, Maadi FP #4",0.5876783948000566,0.5958875329595072,0.0346467391304347,0.5730337078651685,0.1516853932584269,0.0251519005228204,0.0381895332390381
logistic,2026-02-15,food,"Al Rehab City FP #1, Al Rehab City FP #2",0.669466515323496,0.6728654340323684,0.0836120401337792,0.5924170616113744,0.2796208530805687,0.0479001135073779,0.1340909090909091
logistic,2026-03-01,food,"Al Rehab City FP #1, Al Rehab City FP #2",0.6803801674863751,0.6848011120774886,0.0128258171286719,0.6262626262626263,0.2626262626262626,0.0065798218795693,0.0172872340425531
logistic,2026-03-05,food,"Al Rehab City FP #1, Al Rehab City FP #2",0.6889098377213656,0.8396803206898875,0.0012975778546712,0.75,0.5,0.0005386842636859,0.0026936026936026
logistic,2026-02-25,food,"Al Rehab City FP #1, Al Rehab City FP #2",0.6583501910541695,0.7012365789327699,0.0357374918778427,0.6043956043956044,0.2967032967032967,0.0204540346145201,0.0608108108108108
logistic,2026-03-11,food,"Al Rehab City FP #1, Al Rehab City FP #2",0.6501873160289002,0.8676303285819447,0.0009552923194497,1.0,0.2,0.0003344929087503,0.000669344042838
logistic,2026-03-15,beauty,All,0.6439186546734454,0.6217728024570213,0.0424872355944566,0.5235955056179775,0.2112359550561797,0.0290053448051101,0.0612777053455019
logistic,2026-03-15,beauty,All,0.7398526347646929,0.7725009935689624,0.0260579113854049,0.6377910124526259,0.3952355170546833,0.0107497468251289,0.0424887957627611
logistic,2026-03-29,beauty,All,0.7961144608258818,0.8172763066916848,0.0140981458802084,0.6671159029649596,0.4932614555256064,0.0043393589211254,0.0214047605123106
logistic,2026-03-29,beauty,All,0.7961144608258818,0.8172763066916848,0.0140981458802084,0.6671159029649596,0.4932614555256064,0.0043393589211254,0.0214047605123106
logistic,2026-03-29,beauty,All,0.7957120926356419,0.8108070744533377,0.013902867573054,0.6634106634106635,0.4924704924704924,0.0043107153822536,0.0212291875010965
logistic,2026-03-28,beauty,All,0.7963128810808632,0.7784493732191071,0.0140333752879025,0.6059149722735675,0.4192236598890942,0.0047407817645522,0.0198745136527743
logistic,2026-03-01,beauty,All,0.750656339467088,0.791415798663927,0.0156179854925217,0.6758691206543967,0.4304703476482617,0.005809049763005,0.025007425007425
logistic,2026-03-28,beauty,All,0.7403891822545791,0.7716316661851239,0.012006550247647683,0.6613678373382624,0.40517560073937153,0.0047407817645522725,0.019208524659118792
